name,year,selling_price,km_driven,fuel,seller_type,transmission,owner,mileage,engine,max_power,seats
21,2014,450000,145500,2,1,0,1,23.4,1248,74.0,5.0
28,2014,370000,120000,2,1,0,2,21.14,1498,103.52,5.0
11,2006,158000,140000,1,1,0,3,17.7,1497,78.0,5.0
12,2010,225000,127000,2,1,0,1,23.0,1396,90.0,5.0
21,2007,130000,120000,1,1,0,1,16.1,1298,88.2,5.0
12,2017,440000,45000,1,1,0,1,20.14,1197,81.86,5.0
21,2007,96000,175000,4,1,0,1,17.3,1061,57.5,5.0
21,2001,45000,5000,1,1,0,2,16.1,796,37.0,4.0
30,2011,350000,90000,2,1,0,1,23.59,1364,67.1,5.0
10,2013,200000,169000,2,1,0,1,20.0,1399,68.1,5.0
27,2014,500000,68000,2,1,0,2,19.01,1461,108.45,5.0
21,2005,92000,100000,1,1,0,2,17.3,993,60.0,5.0
21,2009,280000,140000,2,1,0,2,19.3,1248,73.9,5.0
21,2009,180000,90000,1,1,0,2,18.9,1061,67.0,5.0
20,2016,400000,40000,1,1,0,1,18.15,1198,82.0,5.0
21,2016,778000,70000,2,1,0,2,24.52,1248,88.5,7.0
12,2012,500000,53000,2,1,0,2,23.0,1396,90.0,5.0
21,2002,150000,80000,1,1,0,2,19.7,796,46.3,5.0
12,2016,680000,100000,2,1,0,1,22.54,1396,88.73,5.0
20,2011,174000,100000,2,1,0,2,21.0,1461,64.1,5.0
11,2017,950000,50000,2,1,0,1,25.5,1498,98.6,5.0
21,2015,525000,40000,2,1,0,1,26.59,1248,74.0,5.0
21,2012,600000,72000,2,1,0,1,21.5,1248,88.8,5.0
29,2018,500000,35000,1,1,0,1,20.3,1199,83.81,5.0
21,2016,575000,45000,1,1,0,1,21.4,1197,83.1,5.0
21,2017,275000,28000,1,1,0,1,24.7,796,47.3,5.0
5,2013,300000,70000,2,1,0,1,18.2,1248,73.8,7.0
21,2009,220000,120000,1,1,0,1,18.9,1061,67.0,5.0
21,2018,254999,25000,1,1,0,1,16.8,796,34.2,8.0
21,2017,670000,70000,2,1,0,1,24.3,1248,88.5,5.0
21,2012,150000,35000,1,1,0,2,14.0,796,35.0,5.0
12,2018,730000,2388,1,1,0,1,18.6,1197,81.83,5.0
21,2017,650000,16200,2,1,0,1,24.3,1248,88.5,5.0
21,2019,330000,10000,3,1,0,2,33.44,796,40.3,4.0
21,2019,366000,15000,1,1,0,1,23.95,998,67.1,5.0
12,2019,1149000,5000,1,1,0,1,17.0,1591,121.3,5.0
7,2016,150000,42000,1,1,0,1,20.63,1198,67.0,5.0
29,2011,425000,60000,2,1,0,2,13.93,2179,138.03,7.0
21,2012,150000,76000,1,1,0,1,16.1,796,37.0,4.0
15,2019,2100000,5000,1,1,1,1,16.0,1368,160.77,5.0
11,2018,925000,28900,1,2,0,1,17.8,1497,117.3,5.0
11,2013,425000,86300,1,2,0,1,16.8,1497,116.3,5.0
21,2018,675000,23300,1,2,1,1,18.5,1197,83.14,5.0
21,2018,819999,32600,2,2,0,1,24.3,1248,88.5,5.0
21,2018,390000,10300,1,2,0,1,23.95,998,67.05,5.0
30,2014,1500000,77000,2,2,0,1,12.55,2982,168.5,7.0
30,2013,700000,99000,2,2,0,1,12.99,2494,100.0,7.0
22,2014,1450000,27800,2,2,1,2,14.8,2143,120.7,5.0
11,2015,425000,49800,2,2,0,1,24.7,1498,98.63,5.0
23,2013,1090000,151000,2,2,0,1,13.5,2477,175.56,7.0
11,2015,600000,54700,2,2,0,1,26.0,1498,98.6,5.0
21,2018,850000,64000,1,2,0,1,20.65,1462,103.25,5.0
11,2015,525000,63000,2,2,0,1,27.3,1498,98.6,5.0
30,2016,1650000,127700,2,2,1,2,11.36,2755,171.5,7.0
30,2016,950000,99000,2,2,0,1,12.99,2494,100.6,7.0
3,2013,1750000,33900,2,2,1,2,17.68,1968,174.33,5.0
30,2018,1590000,25000,1,2,1,1,14.28,1798,138.03,5.0
3,2013,1689999,50000,2,2,1,1,18.53,1968,187.74,5.0
22,2013,1425000,59000,2,2,1,1,14.84,2143,170.0,5.0
29,2011,265000,120000,2,1,0,1,21.12,1248,88.8,5.0
12,2011,190000,110000,1,1,0,3,20.36,1197,78.9,5.0
12,2013,425000,60000,2,1,0,1,21.27,1396,88.76,5.0
21,2015,630000,147000,2,1,0,2,26.59,1248,74.0,5.0
10,2017,600000,25000,1,1,0,3,18.16,1196,86.8,5.0
21,2019,650000,30000,1,1,0,1,21.4,1197,83.1,5.0
31,2016,540000,40000,2,1,0,1,22.0,1498,108.495,5.0
11,2015,630000,135000,2,1,0,1,25.1,1498,98.6,5.0
21,2018,448000,30000,1,1,1,1,20.51,998,67.0,5.0
31,2017,500000,80000,2,1,0,1,21.66,1498,108.62,5.0
21,2016,745000,70000,2,1,0,1,24.3,1248,88.5,5.0
21,2019,1025000,9850,2,1,1,1,24.3,1248,88.5,5.0
12,2011,235000,60000,1,1,0,2,20.36,1197,78.9,5.0
21,2016,630000,70000,2,1,0,1,25.2,1248,74.0,5.0
30,2015,1700000,78000,2,1,0,2,12.55,2982,168.5,7.0
21,2013,450000,120000,2,1,0,2,22.9,1248,74.0,5.0
21,2012,450000,120000,1,1,0,2,16.02,1373,93.7,7.0
31,2013,450000,170000,2,1,0,1,20.54,1598,103.6,5.0
30,2016,1200000,140000,2,1,0,1,12.99,2494,100.6,8.0
10,2015,610000,90000,2,1,0,1,22.77,1498,98.59,5.0
4,2016,2500000,30000,1,1,1,2,15.71,1998,189.0,5.0
21,2017,484999,10000,1,2,0,1,23.1,998,67.04,5.0
7,2016,275000,49000,1,2,0,1,19.02,1198,67.05,5.0
21,2016,315000,32000,1,2,0,1,24.7,796,47.3,5.0
21,2016,275000,38000,1,2,0,1,24.7,796,47.3,5.0
12,2012,290000,28000,1,2,0,1,19.81,1086,68.05,5.0
21,2017,280000,32000,1,2,0,1,14.0,796,35.0,5.0
21,2010,225000,44000,4,2,0,1,26.2,998,58.2,5.0
31,2015,455000,42000,1,2,0,1,16.47,1198,74.0,5.0
12,2015,351000,45000,1,2,0,2,19.81,1086,68.05,5.0
31,2012,535000,12000,1,2,0,2,15.04,1598,103.6,5.0
21,2009,175000,55500,1,2,0,1,18.2,998,67.1,5.0
12,2013,525000,61500,1,2,0,1,18.5,1197,82.85,5.0
21,2016,600000,150000,2,1,0,1,26.59,1248,74.0,5.0
12,2016,565000,72000,1,2,1,1,19.1,1197,82.0,5.0
21,2008,120000,68000,1,2,0,3,19.7,796,46.3,5.0
12,2017,725000,110000,2,1,0,1,22.54,1396,88.73,5.0
21,2009,185000,77000,1,2,0,2,21.79,998,67.05,5.0
29,2010,200000,100000,2,1,0,2,18.8,1248,90.0,5.0
21,2019,615000,10000,1,1,0,1,21.21,1197,81.8,5.0
21,2016,270000,100000,1,1,0,3,15.37,1196,73.0,7.0
21,2018,610000,35000,1,1,0,1,21.4,1197,83.1,5.0
20,2014,625000,70000,2,1,1,2,11.79,2179,120.0,8.0
10,2020,400000,5000,1,1,0,2,19.0,1194,94.68,5.0
12,2017,866000,37800,1,1,0,1,17.0,1591,121.3,5.0
31,2010,700000,114000,1,1,0,1,14.3,1798,160.0,5.0
29,2010,300000,48000,1,1,0,1,15.8,1172,65.0,5.0
20,2019,1700000,32000,2,1,0,1,15.1,2179,155.0,7.0
29,2016,375000,100000,2,1,0,1,19.09,1405,69.01,5.0
12,2013,522000,150000,2,1,0,2,22.32,1582,126.32,5.0
12,2013,451999,69000,2,1,0,1,21.9,1396,88.76,5.0
30,2009,300000,100000,1,1,0,2,14.53,1798,138.1,5.0
21,2020,475000,13000,1,1,0,1,21.63,998,67.04,5.0
21,2016,780000,60000,2,1,0,1,24.3,1248,88.5,5.0
21,2017,595000,40000,1,1,0,1,20.85,1197,83.14,5.0
21,2017,440000,35000,1,1,0,1,20.51,998,67.04,5.0
24,2014,400000,70000,2,1,0,3,20.45,1461,83.8,5.0
12,2016,1140000,50000,2,1,0,1,19.67,1582,126.2,5.0
10,2017,850000,76139,2,1,0,1,23.0,1498,98.96,5.0
21,2012,370000,175000,2,1,0,4,19.3,1248,73.9,5.0
27,2018,350000,25000,1,1,0,1,23.01,999,67.0,5.0
21,2015,360000,40000,1,1,0,2,23.1,998,67.04,5.0
21,2008,105000,65000,1,1,0,4,19.7,796,46.3,5.0
21,2013,625000,90000,2,1,0,2,20.77,1248,88.76,7.0
12,2009,135000,80000,1,1,0,2,17.92,1086,62.1,5.0
21,2015,700000,110000,2,1,0,2,20.77,1248,88.76,7.0
11,2019,690000,1303,1,2,0,1,17.8,1198,86.7,5.0
3,2018,3975000,31800,2,2,1,1,17.01,1968,188.0,5.0
18,2019,5150000,20000,1,2,1,1,22.37,2487,214.56,5.0
14,2017,3200000,45000,2,2,1,1,19.33,1999,177.0,5.0
15,2017,4100000,17000,1,1,1,1,9.5,3604,280.0,5.0
17,2019,4500000,21000,2,2,1,1,12.83,1999,148.31,7.0
22,2017,6000000,37000,2,2,1,1,13.5,2987,254.79,5.0
4,2018,3790000,29500,2,2,1,1,22.48,1995,187.74,5.0
4,2019,5800000,7500,2,2,1,1,16.78,1995,190.0,5.0
28,2018,1864999,50000,1,2,1,1,14.67,1798,177.46,5.0
22,2016,2700000,35000,2,2,1,1,15.0,2143,204.0,5.0
19,2019,1750000,19000,1,2,1,1,13.96,1451,141.0,5.0
11,2017,795000,41000,1,2,1,1,18.0,1497,117.6,5.0
30,2013,625000,39000,1,2,1,1,14.28,1798,138.03,5.0
32,2018,3400000,22000,2,2,1,1,18.0,1969,190.0,5.0
3,2015,2650000,53000,2,2,1,1,12.07,2967,241.4,7.0
21,2015,535000,40000,2,2,0,1,26.21,1248,88.5,5.0
22,2017,5850000,47000,2,2,1,1,13.5,2987,282.0,5.0
4,2010,975000,72200,1,2,1,2,10.8,2497,150.0,5.0
12,2016,805000,49900,1,2,0,1,16.3,1797,147.5,5.0
14,2017,2625000,9000,2,2,1,1,13.6,1999,177.0,5.0
29,2018,811000,11000,1,2,0,1,17.0,1198,108.5,5.0
31,2011,375000,49000,1,1,0,1,15.04,1598,103.6,5.0
12,2012,550000,95000,1,1,0,1,16.3,1797,147.5,5.0
28,2016,645000,11000,1,2,1,1,14.3,1598,103.5,5.0
22,2018,2550000,18000,1,2,1,1,15.04,1991,183.0,5.0
21,2014,599000,46100,1,2,0,1,16.02,1373,93.7,7.0
22,2017,2700000,16000,1,2,1,1,14.74,1991,181.04,5.0
11,2017,875000,18000,1,2,1,1,15.6,1497,116.3,5.0
30,2019,894999,9654,1,2,1,1,19.56,1197,81.8,5.0
21,2011,175000,11000,1,2,0,1,23.95,998,67.05,5.0
21,2012,340000,24300,1,2,0,1,21.21,1197,81.8,5.0
30,2016,1525000,42163,2,2,1,2,11.36,2755,171.5,7.0
29,2018,1025000,8000,2,2,1,1,21.5,1497,108.5,5.0
4,2016,2150000,30000,2,2,1,1,22.69,1995,190.0,5.0
30,2016,1900000,41000,1,2,1,1,19.16,2494,157.7,5.0
4,2016,2900000,12000,2,2,1,1,18.12,1995,190.0,5.0
30,2009,450000,71000,1,2,1,1,12.1,2362,164.7,5.0
21,2016,850000,20000,1,1,0,1,17.5,1373,91.1,7.0
32,2017,10000000,30000,1,1,1,1,42.0,1969,400.0,4.0
31,2011,300000,100000,2,1,0,2,20.54,1598,103.6,5.0
10,2018,575000,9500,1,1,0,1,18.16,1196,86.8,5.0
10,2011,160000,120000,2,1,0,1,20.0,1399,68.0,5.0
21,2015,515000,36600,1,1,0,1,20.4,1197,81.8,5.0
21,2015,390000,50000,1,1,1,2,20.51,998,67.0,5.0
12,2016,550000,14000,1,1,0,2,18.6,1197,81.83,5.0
21,1999,40000,40000,1,1,0,2,16.1,796,37.0,4.0
21,2010,220000,120000,2,1,0,1,21.1,1248,73.9,5.0
12,2015,425000,70000,1,1,0,1,18.9,1197,82.0,5.0
31,2019,480000,13000,1,1,0,1,19.44,999,75.0,5.0
12,2014,400000,60000,1,1,0,2,18.9,1197,82.0,5.0
21,2014,487000,35000,1,1,0,1,19.1,1197,85.8,5.0
12,2016,386000,44000,1,1,0,2,19.1,1197,82.0,5.0
11,2005,100000,120000,1,1,0,2,13.0,1493,100.0,5.0
30,2010,300000,60000,2,1,0,1,21.43,1364,87.2,5.0
6,2000,100000,60000,1,1,0,1,18.5,796,53.0,5.0
30,2014,1750000,30000,2,1,0,2,13.0,2982,168.5,7.0
20,2016,450000,15000,1,1,0,2,18.15,1198,82.0,6.0
29,2017,490000,90000,2,1,0,1,22.95,1248,74.0,5.0
11,2009,345000,47000,1,1,0,2,17.0,1497,118.0,5.0
21,2005,85000,90000,1,1,0,1,17.3,993,60.0,5.0
21,2010,215000,120600,1,1,0,2,18.9,998,67.1,5.0
12,2010,320000,100000,1,1,0,3,16.2,1599,103.2,5.0
21,2016,459999,60000,1,1,0,2,20.85,1197,83.14,5.0
12,2005,65000,86000,1,1,0,1,15.3,1341,83.0,5.0
12,2020,720000,5000,1,1,0,1,18.6,1197,81.86,5.0
21,2017,800000,37000,2,1,0,1,28.09,1248,88.5,5.0
29,2019,520000,14000,1,1,0,1,20.3,1199,84.0,5.0
21,2015,580000,70000,2,1,0,1,20.77,1248,88.76,7.0
11,2015,600000,50000,1,1,0,1,17.4,1497,117.3,5.0
11,2014,290000,60000,1,1,0,2,19.4,1198,86.8,5.0
21,2016,360000,50000,3,1,0,1,26.6,998,58.16,5.0
21,2017,550000,50000,1,1,0,1,20.85,1197,83.14,5.0
12,2013,375000,70000,1,1,0,1,18.5,1197,82.85,5.0
21,2018,420000,35000,1,1,1,1,20.51,998,67.0,5.0
21,2017,550000,20000,1,1,0,1,21.21,1197,81.8,5.0
21,2018,270000,20000,1,1,0,1,24.7,796,47.3,5.0
21,2018,700000,7800,1,1,1,1,22.0,1197,81.8,5.0
21,2017,500000,20000,1,1,0,1,20.4,1197,81.8,5.0
29,2019,1250000,15000,2,1,0,1,17.6,2179,147.94,7.0
12,2013,320000,31377,1,1,0,2,18.5,1197,82.85,5.0
21,2018,700000,50000,2,1,0,1,28.4,1248,74.02,5.0
21,2015,290000,60000,1,1,0,1,20.51,998,67.04,5.0
30,2012,550000,100000,1,1,1,1,14.53,1794,138.1,5.0
11,2012,265000,60000,1,1,0,1,19.4,1198,86.8,5.0
21,2018,830000,5000,1,1,1,1,21.4,1197,83.1,5.0
29,2017,800000,60000,2,1,0,1,14.1,2179,147.94,7.0
21,2011,160000,25000,1,1,0,2,19.7,796,46.3,5.0
27,2018,335000,30000,1,1,0,1,25.17,799,53.3,5.0
7,2017,329000,80000,1,1,0,2,20.63,1198,67.0,5.0
21,2017,775000,75000,2,1,0,1,24.3,1248,88.5,5.0
12,2020,524000,32000,1,1,0,1,20.14,1197,81.86,5.0
21,2015,245000,40000,1,1,0,1,22.74,796,47.3,5.0
12,2012,275000,93000,1,1,0,2,17.0,1197,80.0,5.0
29,2018,520000,60000,1,1,0,1,17.57,1193,88.7,5.0
24,2014,550000,37000,1,1,0,1,16.95,1498,97.7,5.0
10,2018,910000,15000,1,1,0,1,17.0,1497,121.36,5.0
24,2015,300000,80000,1,1,0,1,19.49,1198,67.04,5.0
21,2016,350000,140000,1,1,0,1,20.51,998,67.04,5.0
20,2013,900000,70000,2,1,0,1,12.83,2696,162.0,7.0
20,2013,300000,120000,2,1,0,2,17.21,1493,100.0,7.0
21,2010,250000,110000,2,1,0,2,21.1,1248,73.9,5.0
12,2017,1100000,37000,2,1,0,1,19.67,1582,126.2,5.0
27,2016,270000,44000,1,1,0,1,25.17,799,53.3,5.0
21,2015,640000,80000,2,1,0,1,20.77,1248,88.76,7.0
20,2015,650000,125000,2,1,0,1,15.1,2179,140.0,7.0
21,2017,409999,13500,1,1,0,1,15.37,1196,73.0,5.0
12,2011,165000,75000,1,1,0,1,17.92,1086,62.1,5.0
12,2007,80000,120000,1,1,0,2,13.2,1495,94.0,5.0
20,2012,535000,120000,2,1,0,1,15.1,2179,140.0,7.0
30,2013,700000,70000,2,1,0,1,12.99,2494,100.57,7.0
21,2013,550000,70000,2,1,0,1,23.4,1248,74.0,5.0
11,2019,680000,15000,1,1,1,1,19.0,1199,88.76,5.0
12,2009,200000,53000,1,1,0,2,20.36,1197,78.9,5.0
21,2014,500000,120000,2,1,0,2,23.4,1248,74.0,5.0
21,2016,1000000,70000,2,1,0,1,24.52,1248,88.5,7.0
12,2008,110000,120000,1,1,0,2,14.2,1341,82.9,5.0
12,2012,320000,100000,1,1,0,2,18.5,1197,80.0,5.0
21,2015,350000,100000,1,1,0,1,20.4,1197,83.11,5.0
29,2013,170000,162500,2,1,0,1,19.4,1405,70.0,5.0
12,2017,800000,39000,2,1,0,1,22.54,1396,88.73,5.0
21,2017,500000,75000,2,1,0,1,26.8,1248,74.0,5.0
29,2017,1380000,50000,2,1,1,1,17.6,2179,153.86,7.0
20,2019,1300000,40000,2,1,0,1,17.3,1497,121.0,8.0
12,2013,530000,92500,2,1,0,1,22.32,1582,126.3,5.0
21,2012,360000,158000,2,1,0,1,23.4,1248,74.0,5.0
21,2012,310000,120000,2,1,0,1,19.3,1248,73.9,5.0
11,2015,725000,50000,2,1,0,2,26.0,1498,98.6,5.0
21,2012,340000,110000,2,1,0,1,19.3,1248,73.9,5.0
12,2017,550000,2000,2,1,0,2,25.4,1186,73.97,5.0
30,2011,1150000,181000,2,1,0,2,11.5,2982,171.0,7.0
29,2016,380000,70000,2,1,0,1,27.28,1047,69.0,5.0
24,2013,350000,90000,1,1,1,2,17.97,1498,99.6,5.0
12,2019,610000,2000,1,1,0,1,18.6,1197,81.86,5.0
21,2015,525000,20000,1,1,0,1,20.85,1197,83.14,5.0
30,2011,480000,120000,2,1,0,1,12.8,2494,102.0,7.0
20,2017,780000,35000,2,1,0,1,16.55,2498,105.0,6.0
21,2012,320000,193000,2,1,0,1,19.3,1248,73.9,5.0
21,2014,375000,80000,1,1,0,1,20.4,1197,81.8,5.0
7,2019,300000,40000,1,1,0,1,19.02,1198,67.05,5.0
12,2015,500000,70000,2,1,0,4,22.54,1396,88.73,5.0
20,2011,404000,122358,2,1,0,1,12.05,2179,120.0,9.0
29,2015,500000,75000,2,1,0,1,14.07,2956,69.01,7.0
29,2017,350000,120000,2,1,0,1,27.28,1047,69.0,5.0
29,2015,380000,40000,1,1,0,1,17.57,1193,88.7,5.0
12,2008,114999,95200,1,1,0,3,13.2,1495,94.0,5.0
11,2014,335000,33033,1,2,0,1,19.4,1198,86.8,5.0
12,2015,465000,63063,1,2,1,1,18.9,1197,82.0,5.0
29,2012,290000,60000,2,1,0,1,21.02,1248,88.76,5.0
21,2005,110000,45000,1,1,0,2,19.7,796,46.3,5.0
29,2011,450000,80000,2,1,0,3,11.57,2179,138.1,7.0
20,2009,400000,170000,2,1,0,2,13.6,2523,63.0,7.0
20,2007,210000,207890,2,1,0,2,13.6,2523,63.0,7.0
22,2018,4600000,7976,2,1,1,1,17.9,2143,170.0,5.0
21,2016,220000,35000,1,1,0,1,16.8,796,34.2,8.0
12,2017,450000,35000,1,1,0,1,18.9,1197,82.0,5.0
12,2017,450000,35000,1,1,0,1,18.9,1197,82.0,5.0
12,2013,290000,50000,1,1,1,1,16.95,1197,78.9,5.0
21,2016,520000,20000,1,1,0,1,20.4,1197,81.8,5.0
12,2011,265000,20000,1,1,1,1,16.95,1197,78.9,5.0
21,2012,330000,50000,1,1,0,2,18.6,1197,85.8,5.0
21,2012,330000,50000,1,1,0,2,18.6,1197,85.8,5.0
20,2014,509999,120000,2,1,0,1,15.96,2523,62.1,7.0
12,2014,500000,70000,1,1,0,1,17.1,1591,121.3,5.0
12,2015,525000,50000,1,1,0,1,17.19,1197,81.86,5.0
21,2019,675000,16500,1,1,0,1,21.01,1197,81.8,5.0
12,2010,300000,70000,1,1,0,1,17.0,1197,80.0,5.0
21,2005,90000,99361,1,1,0,2,19.7,796,46.3,5.0
21,2017,650000,25000,2,1,0,1,26.59,1248,74.0,5.0
21,2014,409000,70000,1,1,0,2,19.1,1197,85.8,5.0
12,2015,395000,80000,2,1,0,2,24.0,1120,70.0,5.0
21,2014,400000,70000,1,1,0,2,19.1,1197,85.8,5.0
5,2012,120000,60000,1,1,0,3,18.6,1199,79.4,5.0
29,2018,645000,10000,1,1,1,1,20.3,1199,84.0,5.0
21,2006,81000,80000,1,1,0,1,16.1,796,37.0,4.0
11,2017,1300000,30000,2,1,0,1,25.6,1498,97.9,5.0
11,2017,1250000,33000,2,1,0,1,25.6,1498,97.9,5.0
21,2013,535000,90000,1,1,0,3,16.02,1373,93.7,7.0
24,2014,555000,80100,2,1,0,2,19.01,1461,108.5,5.0
11,2014,725000,120000,1,1,0,1,17.4,1497,117.3,5.0
27,2016,229999,40000,1,1,0,1,25.17,799,53.3,5.0
30,2013,800000,160000,2,1,0,2,12.99,2494,100.6,8.0
21,2017,409999,47000,1,1,0,1,20.51,998,67.04,5.0
12,2018,1210000,25000,2,1,0,1,21.38,1396,88.7,5.0
29,2017,400000,26000,1,1,0,1,23.84,1199,84.0,5.0
12,2018,520000,29000,2,1,0,1,24.0,1186,73.97,5.0
21,2016,650000,50000,1,1,1,1,21.4,1197,83.1,5.0
21,2011,325000,58000,1,1,0,3,16.1,1298,88.2,5.0
21,2012,420000,120000,1,1,1,1,17.4,1197,85.8,5.0
21,2014,400000,50000,1,1,0,1,20.4,1197,81.8,5.0
12,2010,254999,80000,1,1,0,4,17.0,1197,80.0,5.0
21,2003,65000,60000,1,1,0,4,17.3,993,60.0,5.0
21,2017,351000,36000,1,1,0,1,23.1,998,67.04,5.0
30,2007,404000,120000,2,1,0,3,12.8,2494,102.0,8.0
21,2011,185000,185000,2,1,0,3,21.1,1248,73.9,5.0
24,2011,250000,50000,2,1,0,1,23.08,1461,63.1,5.0
21,2002,60000,100000,1,1,0,4,17.3,993,60.0,5.0
12,2013,500000,50000,1,1,0,2,17.1,1591,121.3,5.0
21,2007,85000,80000,1,1,0,2,18.2,998,67.1,5.0
21,2005,85000,80000,1,1,0,4,19.7,796,46.3,5.0
21,2011,265000,90000,2,1,0,4,19.3,1248,73.9,5.0
21,2010,130000,162000,1,1,0,2,19.0,998,66.1,5.0
21,2013,480000,110000,2,1,0,3,20.77,1248,88.76,7.0
21,2008,170000,120000,2,1,0,3,17.8,1248,75.0,5.0
24,2011,275000,45000,2,1,0,1,23.08,1461,63.1,5.0
21,2005,89000,90000,1,1,0,2,18.9,998,67.1,5.0
10,2010,170000,90000,2,1,0,2,20.0,1399,68.0,5.0
20,2019,1090000,16500,1,2,0,1,17.0,1197,110.0,5.0
12,2017,1100000,67000,2,1,1,1,17.01,1582,126.2,5.0
21,2018,610000,52000,1,2,0,1,22.0,1197,81.8,5.0
7,2016,335000,40000,1,2,0,1,20.63,1198,67.0,5.0
12,2015,434999,40000,1,2,0,1,18.9,1197,82.0,5.0
30,2018,3000000,35000,2,1,0,1,14.24,2755,174.5,7.0
27,2018,390000,13000,1,2,0,1,20.71,799,53.26,5.0
11,2012,325000,40000,1,2,0,1,18.5,1198,86.8,5.0
31,2019,640000,10000,1,2,0,1,17.0,1198,73.75,5.0
24,2012,450000,9000,1,2,0,1,16.95,1498,97.7,5.0
30,2013,400000,70000,2,2,0,2,23.59,1364,67.06,5.0
12,2009,215000,60000,1,2,0,1,20.36,1197,78.9,5.0
27,2014,570000,40000,2,2,0,1,20.45,1461,83.8,5.0
20,2012,680000,93000,2,2,0,1,15.1,2179,140.0,7.0
30,2008,325000,80000,2,1,0,4,12.8,2494,102.0,7.0
29,2011,150000,50000,1,1,0,2,15.64,1193,64.08,5.0
12,2013,690000,68000,1,2,1,1,14.5,1797,147.5,5.0
22,2013,1550000,25000,2,1,1,1,14.84,2143,170.0,5.0
29,2012,64000,18000,1,2,0,1,25.4,624,37.5,4.0
24,2013,250000,120000,2,1,0,1,23.08,1461,63.1,5.0
21,2005,65000,35000,1,1,0,1,18.9,998,67.1,5.0
21,2016,550000,60000,2,1,0,2,26.59,1248,74.0,5.0
12,2010,140000,70000,1,1,0,4,20.36,1197,78.9,5.0
27,2016,300000,30000,1,1,0,1,25.17,799,53.3,5.0
31,2016,800000,70000,1,1,1,1,16.34,1798,189.3,5.0
14,2017,2625000,9000,2,2,1,1,13.6,1999,177.0,5.0
18,2019,5150000,20000,1,2,1,1,22.37,2487,214.56,5.0
14,2017,3200000,45000,2,2,1,1,19.33,1999,177.0,5.0
29,2015,503000,110000,2,1,0,1,14.1,2179,147.94,7.0
32,2019,3800000,20000,2,1,1,1,18.0,1969,190.0,5.0
30,2016,2000000,68089,1,3,1,1,19.16,2494,157.7,5.0
21,2013,225000,58343,1,3,0,1,21.79,998,67.05,5.0
21,2018,740000,38817,2,2,0,1,27.39,1248,74.0,5.0
11,2016,550000,56494,1,3,0,1,18.2,1199,88.7,5.0
30,2013,750000,79328,2,3,0,2,12.99,2494,100.6,7.0
21,2019,650000,5621,1,3,1,1,22.0,1197,81.8,5.0
30,2017,625000,25538,1,3,0,1,16.78,1496,88.73,5.0
21,2018,600000,69779,1,2,1,1,22.0,1197,81.8,5.0
12,2017,450000,56290,2,2,0,1,24.0,1186,73.97,5.0
4,2019,5400000,7500,2,2,1,1,16.78,1995,190.0,5.0
4,2019,5500000,8500,2,2,1,1,16.78,1995,190.0,5.0
11,2019,779000,7032,1,3,1,1,19.0,1199,88.76,5.0
28,2016,645000,11000,1,2,1,1,14.3,1598,103.5,5.0
32,2018,2475000,2000,2,2,1,1,16.8,1984,150.0,5.0
12,2010,150000,106000,1,1,0,3,20.36,1197,78.9,5.0
11,2009,500000,120000,1,1,1,2,11.1,2354,158.8,5.0
21,2015,480000,90000,2,1,0,1,26.59,1248,74.0,5.0
12,2014,535000,70000,2,1,0,3,22.32,1582,126.32,5.0
30,2005,250000,240000,2,1,0,3,12.8,2494,102.0,8.0
21,2012,300000,100000,2,1,0,2,21.5,1248,88.8,5.0
12,2009,340000,214000,1,1,0,2,13.9,1599,103.2,5.0
12,2009,340000,214000,2,1,0,2,16.8,1493,110.0,5.0
21,2016,240000,50000,1,1,0,1,22.74,796,47.3,5.0
11,2018,1085000,1000,1,1,1,1,18.0,1497,117.6,5.0
21,2017,750000,19000,2,1,1,1,28.4,1248,74.02,5.0
29,2012,95000,265000,2,1,0,2,17.0,1405,70.0,5.0
21,2020,409999,35000,3,1,0,1,20.88,1196,61.7,5.0
21,2014,215000,80000,1,1,0,2,23.95,998,67.05,5.0
20,2016,1290000,50000,2,1,1,1,16.0,2179,140.0,7.0
21,2010,150000,80000,1,1,0,1,20.92,998,67.1,5.0
12,2013,219000,50000,1,1,0,2,21.1,814,55.2,5.0
29,2018,325000,100000,1,1,0,1,23.84,1199,84.0,5.0
21,2013,260000,120000,1,1,0,2,15.1,1196,73.0,5.0
14,2017,2625000,9000,2,2,1,1,13.6,1999,177.0,5.0
18,2019,5150000,20000,1,2,1,1,22.37,2487,214.56,5.0
14,2017,3200000,45000,2,2,1,1,19.33,1999,177.0,5.0
29,2015,503000,110000,2,1,0,1,14.1,2179,147.94,7.0
32,2019,3800000,20000,2,1,1,1,18.0,1969,190.0,5.0
30,2016,2000000,68089,1,3,1,1,19.16,2494,157.7,5.0
21,2013,225000,58343,1,3,0,1,21.79,998,67.05,5.0
21,2018,740000,38817,2,2,0,1,27.39,1248,74.0,5.0
11,2016,550000,56494,1,3,0,1,18.2,1199,88.7,5.0
30,2013,750000,79328,2,3,0,2,12.99,2494,100.6,7.0
21,2019,650000,5621,1,3,1,1,22.0,1197,81.8,5.0
30,2017,625000,25538,1,3,0,1,16.78,1496,88.73,5.0
21,2018,600000,69779,1,2,1,1,22.0,1197,81.8,5.0
12,2017,450000,56290,2,2,0,1,24.0,1186,73.97,5.0
4,2019,5400000,7500,2,2,1,1,16.78,1995,190.0,5.0
4,2019,5500000,8500,2,2,1,1,16.78,1995,190.0,5.0
11,2019,779000,7032,1,3,1,1,19.0,1199,88.76,5.0
28,2016,645000,11000,1,2,1,1,14.3,1598,103.5,5.0
32,2018,2475000,2000,2,2,1,1,16.8,1984,150.0,5.0
11,2019,700000,40000,2,1,1,1,23.8,1498,78.9,5.0
12,2017,950000,45000,2,1,0,1,21.38,1396,88.7,5.0
21,2010,160000,80000,1,1,0,2,19.7,796,46.3,5.0
12,2015,409999,135000,2,1,0,2,24.4,1120,71.01,5.0
30,2015,840000,120000,2,1,0,2,12.99,2494,100.6,7.0
30,2013,450000,67000,2,1,0,1,23.59,1364,67.1,5.0
21,2017,900000,50000,2,1,0,1,28.4,1248,74.02,5.0
30,2008,570000,134000,2,1,0,2,12.8,2494,102.0,7.0
24,2011,254999,110000,2,1,0,2,23.08,1461,63.1,5.0
21,2009,130000,40000,1,1,0,1,16.1,796,37.0,4.0
21,2013,530000,120000,2,1,0,2,23.4,1248,74.0,5.0
31,2015,520000,110000,2,1,0,2,20.14,1498,88.8,5.0
20,2011,229999,170000,2,1,0,2,21.0,1461,64.1,5.0
21,2004,81000,80000,1,1,0,2,16.1,796,37.0,4.0
21,2016,600000,47000,2,1,0,1,25.2,1248,74.0,5.0
12,2015,409999,93000,1,1,0,1,19.1,1197,81.86,5.0
21,2010,120000,70000,1,1,0,2,16.1,796,37.0,4.0
21,2014,320000,50000,1,1,0,1,23.1,998,67.04,5.0
10,2015,292000,70000,2,1,0,1,20.0,1399,68.05,5.0
29,2012,390000,80000,2,1,0,1,13.93,2179,138.03,7.0
10,2016,550000,44000,1,1,0,1,18.16,1196,86.8,5.0
21,2014,385000,25000,1,1,0,1,23.1,998,67.04,5.0
12,2016,800000,25000,1,1,0,1,15.29,1591,121.3,5.0
21,2019,675000,10000,1,1,0,1,21.21,1197,81.8,5.0
29,2018,1525000,50000,2,1,0,1,17.6,2179,153.86,7.0
10,2018,950000,30000,2,1,0,1,23.0,1498,98.96,5.0
12,2015,610000,50000,2,1,0,2,21.19,1396,88.73,5.0
12,2012,525000,120000,2,1,0,1,22.54,1396,88.73,5.0
11,2019,700000,40000,2,1,1,1,23.8,1498,78.9,5.0
20,2015,375000,80000,2,1,0,1,15.96,2523,62.1,7.0
24,2015,580000,90000,2,1,0,1,20.45,1461,83.8,5.0
21,2015,434999,50000,1,1,0,2,20.4,1197,83.11,5.0
7,2020,350000,2136,1,1,0,1,22.5,999,67.0,5.0
30,2012,730000,250000,2,1,0,1,12.99,2494,100.0,7.0
12,2015,600000,35000,1,1,0,1,18.6,1197,81.83,5.0
30,2015,1050000,120000,2,1,0,1,12.99,2494,100.6,7.0
21,2017,735000,70000,2,1,0,1,27.39,1248,74.0,5.0
27,2018,1050000,18000,2,2,0,1,19.6,1461,108.45,5.0
5,2016,420000,110000,2,1,0,2,18.2,1248,73.74,7.0
21,2017,800000,60000,2,1,0,1,23.65,1248,88.5,5.0
30,2015,2000000,60000,2,1,1,1,12.55,2982,168.5,7.0
21,2016,600000,147000,2,1,0,2,26.59,1248,74.0,5.0
30,2015,1900000,130000,2,1,1,1,12.55,2982,168.5,7.0
5,2011,500000,99500,2,1,0,3,11.5,1991,147.9,7.0
29,2011,200000,110000,2,1,0,2,17.0,1405,71.0,5.0
24,2016,370000,35000,1,1,0,1,19.49,1198,67.04,5.0
12,2010,260000,110000,2,1,0,2,16.2,1493,110.0,5.0
20,2016,280000,100000,2,1,0,1,25.32,1198,77.0,6.0
21,2014,610000,21000,1,1,0,1,16.02,1373,93.7,7.0
10,2013,300000,60000,2,1,0,2,23.5,1498,90.0,5.0
29,2010,140000,40000,2,1,0,1,16.6,1405,70.0,5.0
12,2008,229999,50000,1,1,0,1,19.81,1086,68.05,5.0
21,2010,200000,65000,1,1,0,2,19.0,998,66.1,5.0
21,2011,200000,80000,1,1,0,1,18.9,998,67.1,5.0
12,2015,560000,119000,2,1,0,1,23.9,1582,126.2,5.0
21,2016,750000,80000,2,1,0,1,24.52,1248,88.5,7.0
21,2017,585000,90000,2,1,0,1,25.2,1248,74.0,5.0
12,2016,760000,20000,1,1,0,1,17.01,1591,121.4,5.0
21,2014,430000,80000,2,1,0,2,25.2,1248,74.0,5.0
20,2020,480000,44665,2,1,0,1,25.32,1198,77.0,6.0
16,2019,643000,10000,2,1,0,1,20.8,1493,113.4,5.0
12,2018,500000,60000,1,1,0,1,20.14,1197,81.86,5.0
11,2016,425000,22000,1,1,0,1,18.5,1198,86.8,5.0
21,2014,250000,25000,1,1,0,1,22.74,796,47.3,5.0
21,2016,285000,70000,2,1,0,1,27.62,793,47.0,5.0
21,2008,160000,123000,1,1,0,3,17.5,1298,85.8,5.0
31,2011,250000,70000,2,1,0,2,20.54,1598,103.6,5.0
5,2013,170000,70000,1,1,0,2,18.6,1199,79.4,5.0
30,2013,409999,45000,2,1,0,1,23.59,1364,67.06,5.0
12,2015,400000,40000,1,1,1,1,18.9,1197,82.0,5.0
21,2019,700000,30000,2,1,0,1,28.4,1248,74.02,5.0
11,2007,350000,90000,1,1,1,1,12.9,1799,130.0,5.0
21,2016,660000,34000,1,1,0,2,17.5,1373,91.1,7.0
21,2017,268000,25000,1,1,0,1,24.7,796,47.3,5.0
21,2016,270000,50000,1,1,0,1,22.74,796,47.3,5.0
5,2013,300000,50000,2,1,0,1,25.44,936,57.6,5.0
29,2017,450000,90000,1,1,0,1,23.84,1199,84.0,5.0
5,2012,220000,70000,2,1,0,2,25.44,936,57.6,5.0
29,2009,250000,146000,2,1,0,2,13.93,2179,138.0,7.0
10,2012,300000,85000,1,1,0,2,15.6,1196,70.0,5.0
29,2009,88000,201850,2,1,0,2,17.88,1396,52.8,5.0
21,2016,561000,30000,2,1,0,1,26.59,1248,74.0,5.0
21,2018,755000,15000,2,1,0,1,28.4,1248,74.02,5.0
7,2017,235000,25000,1,1,0,1,22.7,799,53.64,5.0
21,2011,165000,90000,1,1,0,1,20.92,998,67.1,5.0
21,2008,190000,80000,2,1,0,2,19.3,1248,73.9,5.0
29,2011,110000,50000,2,1,0,1,17.2,1396,53.5,5.0
20,2012,320000,80000,2,1,0,2,13.6,2523,63.0,8.0
12,2016,540000,38000,1,1,0,1,18.6,1197,81.83,5.0
12,2013,180000,60000,1,1,0,1,21.1,814,55.2,5.0
21,2016,270000,100000,1,1,0,3,15.37,1196,73.0,7.0
21,2012,450000,30000,1,1,0,1,17.5,1197,85.8,5.0
21,2014,450000,30000,1,1,0,1,19.1,1197,85.8,5.0
5,2015,200000,50000,1,1,0,1,18.6,1199,76.8,5.0
29,2017,425000,42000,1,1,0,1,23.84,1199,84.0,5.0
5,2016,400000,30000,1,1,0,1,18.2,1199,82.4,5.0
21,2009,125000,60000,1,1,0,3,19.7,796,46.3,5.0
15,2018,1600000,14000,2,1,0,1,17.1,1956,170.0,5.0
11,2015,900000,22000,1,1,0,1,17.4,1497,117.3,5.0
31,2012,450000,90000,2,1,0,1,20.54,1598,103.6,5.0
21,2011,210000,46000,1,1,0,1,20.92,998,67.1,5.0
12,2018,801000,20000,1,1,0,1,18.6,1197,81.83,5.0
29,2014,317000,15000,2,1,0,1,15.42,1405,70.0,7.0
21,2015,600000,40000,1,1,0,2,16.02,1373,93.7,7.0
12,2014,330000,30000,1,1,0,2,18.5,1197,82.85,5.0
12,2017,320000,15000,1,1,0,2,21.1,814,55.2,5.0
12,2007,120000,110000,1,1,0,2,15.3,1341,83.0,5.0
21,2009,130000,70000,1,1,0,2,19.7,796,46.3,5.0
5,2015,220000,80000,1,1,0,1,18.2,1199,82.4,5.0
29,2015,340000,110000,1,1,0,1,17.57,1193,88.7,5.0
10,2013,200000,70000,2,1,0,2,19.68,1399,67.0,5.0
21,2002,140000,50000,1,1,0,2,19.7,796,46.3,5.0
30,2013,1000000,190000,2,1,0,1,12.99,2494,100.6,8.0
20,2010,495000,100000,2,1,0,2,13.6,2523,63.0,7.0
21,2015,236000,60000,1,1,0,1,22.74,796,47.3,5.0
21,2015,390000,40000,1,1,0,1,20.51,998,67.04,5.0
21,2009,275000,90000,2,1,0,2,19.3,1248,73.9,5.0
29,2015,503000,110000,2,1,0,1,14.1,2179,147.94,7.0
21,2017,775000,32000,2,2,0,1,24.3,1248,88.5,5.0
30,2016,1800000,30000,2,1,1,1,11.36,2755,171.5,7.0
12,2016,850000,58000,2,1,0,1,19.67,1582,126.2,5.0
21,2018,750000,5000,2,1,0,1,24.3,1248,88.5,5.0
12,2018,570000,25000,1,1,0,1,18.6,1197,81.83,5.0
12,2018,580000,32000,1,1,0,1,18.9,1197,81.86,5.0
11,2016,484999,30000,1,1,0,1,18.7,1199,88.7,5.0
11,2017,700000,43000,1,2,0,1,15.4,1497,117.3,7.0
12,2012,415000,60000,1,2,0,1,17.7,1497,113.42,5.0
24,2015,325000,50000,1,1,1,1,19.34,1198,76.0,5.0
10,2018,550000,14200,1,1,0,1,18.16,1196,86.8,5.0
12,2017,300000,10000,1,1,0,1,21.1,814,55.2,5.0
7,2018,217000,25000,1,1,0,1,22.7,799,53.64,5.0
10,2018,700000,19100,1,1,0,1,19.0,1194,94.68,5.0
12,2019,466000,25000,1,1,1,4,20.3,1086,68.0,5.0
10,2014,484999,54000,2,2,0,1,23.0,1498,98.96,5.0
24,2018,670000,35000,2,1,0,1,22.71,1461,84.8,5.0
12,2018,500000,20000,1,1,0,2,18.9,1197,81.86,5.0
21,2016,675000,52000,2,1,0,1,23.65,1248,88.5,5.0
12,2011,220000,120000,2,1,0,2,23.0,1396,90.0,5.0
15,2017,1650000,50000,2,1,0,1,17.1,1956,170.0,5.0
21,2013,630000,120000,2,1,0,2,20.77,1248,88.8,7.0
29,2010,250000,90000,2,1,0,2,18.8,1248,90.0,5.0
21,2004,120000,120000,1,1,0,3,18.9,998,67.1,5.0
28,2015,300000,101500,2,1,0,2,21.14,1498,103.52,5.0
12,2013,525000,75000,2,1,1,1,22.32,1582,126.3,5.0
20,2016,1100000,100000,2,1,0,1,15.4,1997,120.0,7.0
27,2012,480000,55735,2,1,0,2,19.01,1461,108.45,5.0
20,2014,605000,80000,2,1,0,2,15.1,2179,140.0,7.0
21,2016,250000,50000,1,1,0,2,24.7,796,47.3,5.0
10,2013,245000,70000,2,1,0,2,20.0,1399,68.1,5.0
12,2012,210000,76000,1,1,0,4,20.36,1197,78.9,5.0
21,2020,730000,1500,1,1,0,1,21.21,1197,81.8,5.0
20,2012,500000,76000,2,1,0,1,15.96,2523,62.1,7.0
21,2015,400000,40000,1,1,0,1,20.51,998,67.04,5.0
12,2015,280000,60000,1,1,0,2,21.1,814,55.2,5.0
30,2009,561000,170000,2,1,0,3,12.8,2494,102.0,8.0
23,2013,950000,181491,2,2,0,1,13.5,2477,175.56,7.0
5,2016,375000,53319,2,2,0,1,25.44,936,56.3,5.0
31,2017,700000,40906,2,2,0,1,21.66,1498,108.62,5.0
30,2012,375000,31711,1,2,0,2,17.6,1496,88.7,5.0
12,2012,270000,43755,1,2,0,2,21.1,814,55.2,5.0
27,2016,300000,66693,1,2,0,1,25.17,799,53.3,5.0
21,2010,225000,59549,1,2,0,1,19.0,998,67.1,5.0
30,2015,1350000,94385,2,2,0,1,12.99,2494,100.6,8.0
21,2010,200000,73730,1,2,0,1,18.2,998,67.1,5.0
12,2011,400000,221889,2,2,0,1,22.32,1582,126.32,5.0
11,2013,500000,116104,2,2,0,1,25.8,1498,98.6,5.0
21,2015,500000,150546,1,2,0,1,22.0,1197,81.8,5.0
30,2013,1500000,148120,2,2,0,1,14.24,2755,174.5,7.0
10,2015,555000,20000,1,1,0,2,15.8,1499,110.0,5.0
12,2018,580000,30000,1,1,1,1,18.9,1197,81.86,5.0
29,2011,337000,142000,2,1,0,3,13.7,2179,138.1,7.0
29,2011,175000,20000,2,1,0,1,12.2,1948,68.0,10.0
29,2009,180000,120000,2,1,0,2,18.8,1248,90.0,5.0
12,2011,200000,80000,1,1,0,1,19.81,1086,68.05,5.0
29,2016,260000,60000,2,1,0,1,19.09,1405,69.01,5.0
27,2016,350000,25000,1,1,0,1,23.01,999,67.0,5.0
20,2011,409999,50000,2,1,0,2,13.6,2523,63.0,7.0
20,2017,655000,126000,2,1,0,1,18.49,1493,100.0,7.0
21,2015,370000,170000,2,1,0,1,26.59,1248,74.0,5.0
21,2013,200000,24000,1,1,0,1,22.74,796,47.3,5.0
21,2017,800000,100000,2,1,0,2,24.52,1248,88.5,7.0
29,2019,550000,10000,1,1,0,1,24.0,1199,83.81,5.0
10,2012,300000,70000,2,1,0,2,20.0,1399,68.0,5.0
21,2017,220000,40000,1,1,0,1,16.8,796,34.2,8.0
21,2011,196000,110000,1,1,0,1,18.9,998,67.1,5.0
12,2008,135000,80000,1,1,0,2,19.81,1086,68.05,5.0
29,2015,299000,16500,1,1,0,1,17.57,1193,88.7,5.0
21,2017,300000,30000,1,1,0,1,23.95,998,67.05,5.0
21,2017,720000,80000,2,1,0,1,24.52,1248,88.5,7.0
29,2016,650000,50000,2,1,0,3,14.1,2179,147.94,7.0
21,2016,300000,25000,1,1,0,1,23.95,998,67.05,5.0
12,2019,750000,20000,2,1,0,1,24.0,1186,73.97,5.0
27,2016,260000,60000,1,1,0,1,25.17,799,53.3,5.0
21,2011,300000,70000,2,1,0,2,22.9,1248,74.0,5.0
20,2014,600000,50000,2,1,0,2,15.96,2523,62.1,7.0
11,2004,275000,100000,1,1,1,2,9.0,2997,218.0,5.0
21,2015,250000,52000,1,1,0,1,23.95,998,67.05,5.0
21,2014,420000,80000,2,1,0,1,23.4,1248,74.0,5.0
12,2015,235000,50000,1,1,0,1,21.1,814,55.2,5.0
20,2016,1100000,60000,2,1,0,1,15.4,2179,120.0,7.0
21,2019,360000,25000,1,1,0,1,23.95,998,67.05,5.0
12,2014,380000,50000,2,1,0,2,24.0,1120,70.0,5.0
10,2016,650000,125000,2,1,0,1,22.77,1498,98.59,5.0
21,2016,350000,80000,1,1,0,1,20.51,998,67.04,5.0
20,2017,700000,70000,2,1,0,1,15.96,2523,63.0,9.0
12,2010,270000,90000,2,1,0,3,23.0,1396,90.0,5.0
29,2017,450000,50000,2,1,0,1,22.95,1248,74.0,5.0
20,2016,630000,101000,2,1,0,1,16.55,2498,105.0,6.0
20,2010,229999,168000,2,1,0,1,14.0,2498,112.0,7.0
20,2010,229999,168000,2,1,0,1,14.0,2498,112.0,7.0
21,2011,270000,40000,1,1,0,1,18.9,998,67.1,5.0
29,2009,135000,28900,1,1,0,2,0.0,1172,65.0,5.0
21,2012,275000,20000,1,1,0,1,18.9,998,67.1,5.0
14,2017,2625000,9000,2,2,1,1,13.6,1999,177.0,5.0
18,2019,5150000,20000,1,2,1,1,22.37,2487,214.56,5.0
14,2017,3200000,45000,2,2,1,1,19.33,1999,177.0,5.0
29,2015,503000,110000,2,1,0,1,14.1,2179,147.94,7.0
32,2019,3800000,20000,2,1,1,1,18.0,1969,190.0,5.0
30,2016,2000000,68089,1,3,1,1,19.16,2494,157.7,5.0
21,2013,225000,58343,1,3,0,1,21.79,998,67.05,5.0
21,2018,740000,38817,2,2,0,1,27.39,1248,74.0,5.0
11,2016,550000,56494,1,3,0,1,18.2,1199,88.7,5.0
30,2013,750000,79328,2,3,0,2,12.99,2494,100.6,7.0
21,2019,650000,5621,1,3,1,1,22.0,1197,81.8,5.0
30,2017,625000,25538,1,3,0,1,16.78,1496,88.73,5.0
21,2018,600000,69779,1,2,1,1,22.0,1197,81.8,5.0
12,2017,450000,56290,2,2,0,1,24.0,1186,73.97,5.0
4,2019,5400000,7500,2,2,1,1,16.78,1995,190.0,5.0
4,2019,5500000,8500,2,2,1,1,16.78,1995,190.0,5.0
11,2019,779000,7032,1,3,1,1,19.0,1199,88.76,5.0
28,2016,645000,11000,1,2,1,1,14.3,1598,103.5,5.0
32,2018,2475000,2000,2,2,1,1,16.8,1984,150.0,5.0
20,2015,634000,165000,2,1,0,1,18.49,1493,100.0,7.0
21,2012,235000,98500,1,1,0,2,19.0,998,66.1,5.0
12,2008,275000,98000,1,1,0,3,20.36,1197,78.9,5.0
20,2014,700000,40000,2,1,0,2,16.55,2498,105.0,6.0
8,2013,400000,90000,2,1,0,1,20.3,1248,92.0,5.0
21,2012,215000,90000,1,1,0,3,19.7,796,46.3,5.0
12,2009,150000,110000,2,1,0,2,17.1,1493,110.0,5.0
21,2018,950000,77800,2,1,0,1,25.1,1248,88.5,5.0
20,2015,730000,100000,2,1,0,1,18.49,1493,100.0,7.0
29,2012,135000,120000,2,1,0,2,19.0,1405,71.0,5.0
12,2016,350000,80000,1,1,0,2,19.1,1197,82.0,5.0
20,2018,535000,21000,1,1,0,2,18.15,1198,82.0,6.0
21,2018,455000,100000,1,1,0,2,19.0,1197,85.8,5.0
21,2019,655000,25000,1,1,0,1,21.21,1197,81.8,5.0
10,2019,800000,30000,2,1,0,3,23.0,1498,98.96,5.0
30,2018,1100000,25000,1,1,1,1,17.8,1496,105.5,5.0
22,2016,3000000,40000,2,1,1,1,13.0,2143,204.0,5.0
30,2012,1225000,160000,2,1,1,1,11.5,2982,169.0,7.0
20,2018,340000,51492,1,1,0,1,18.15,1198,82.0,6.0
31,2011,300000,72000,2,1,0,2,20.54,1598,103.6,5.0
10,2016,370000,60000,1,1,0,1,18.16,1196,86.8,5.0
20,2013,330000,136000,2,1,0,2,15.96,2523,62.1,7.0
12,2014,238000,60000,1,1,0,1,17.92,1086,62.1,5.0
12,2013,200000,90000,1,1,0,1,17.92,1086,62.1,5.0
24,2014,320000,91000,2,1,0,4,22.71,1461,84.8,5.0
12,2009,114999,90000,1,1,0,4,17.92,1086,62.1,5.0
21,2015,320000,50000,1,1,0,2,20.51,998,67.04,5.0
12,2010,210000,20000,1,1,0,1,19.81,1086,68.05,5.0
20,2011,200000,120000,2,1,0,1,14.0,2489,95.0,8.0
21,2009,135000,150000,1,1,0,2,18.9,1061,67.0,5.0
29,2015,350000,52000,2,1,0,1,19.09,1405,69.01,5.0
20,2014,350000,167000,2,1,0,2,13.6,2523,63.0,8.0
21,2017,680000,40000,2,1,0,1,28.4,1248,74.02,5.0
21,2010,200000,190000,2,1,0,2,17.8,1248,75.0,5.0
27,2016,300000,50000,1,1,0,1,23.01,999,67.0,5.0
20,2011,270000,70000,2,1,0,2,14.0,2498,112.0,7.0
21,2012,225000,80000,1,1,0,2,18.9,998,67.1,5.0
20,2008,250000,120000,2,1,0,1,13.6,2523,63.0,8.0
20,2015,590000,40000,2,1,0,2,18.49,1493,100.0,7.0
12,2015,290000,17000,1,1,0,1,21.1,814,55.2,5.0
21,2010,100000,180000,1,1,0,2,19.0,998,67.1,5.0
21,2016,395000,50000,1,1,0,1,23.1,998,67.04,5.0
12,2014,195000,65000,1,1,0,2,21.1,814,55.2,5.0
29,2011,45000,10000,1,1,0,3,26.0,624,35.0,4.0
20,2009,270000,70000,2,1,0,2,13.6,2523,63.0,8.0
5,2014,600000,90000,2,1,0,2,13.58,2499,72.4,9.0
12,2015,715000,50000,2,1,0,1,22.54,1396,88.73,5.0
12,2019,600000,10000,1,1,0,1,18.6,1197,81.86,5.0
20,2019,875000,25000,2,1,0,1,18.49,1493,100.0,7.0
20,2011,420000,100000,2,1,0,2,13.5,2179,115.0,5.0
11,2007,325000,70000,1,1,1,2,10.1,2354,152.0,5.0
7,2017,385000,30000,1,1,0,1,20.63,1198,67.06,5.0
20,2016,300000,40000,1,1,0,1,18.15,1198,82.0,6.0
12,2012,335000,135000,2,1,0,1,21.9,1396,88.76,5.0
21,2014,300000,35000,1,1,0,1,23.1,998,67.04,5.0
12,2004,80000,120000,1,1,0,2,13.2,1495,94.0,5.0
20,2012,400000,120000,2,1,0,1,15.96,2523,62.1,7.0
29,2012,168000,190000,2,1,0,2,19.09,1396,69.0,5.0
20,2016,550000,120000,2,1,0,1,15.96,2523,62.1,9.0
20,2011,320000,175000,2,1,0,3,13.6,2523,63.0,7.0
20,2011,320000,175000,2,1,0,3,15.96,2523,63.0,9.0
24,2011,350000,25000,1,1,0,2,16.95,1498,97.7,5.0
29,2013,280000,80000,2,1,0,1,21.02,1248,88.76,5.0
12,2017,550000,70000,2,1,0,2,24.4,1120,71.0,5.0
12,2018,500000,10000,1,1,0,1,20.14,1197,81.86,5.0
10,2019,700000,6000,1,1,0,1,19.0,1194,94.68,5.0
28,2013,380000,90000,2,1,0,2,20.5,1598,103.5,5.0
20,2012,340000,110000,2,1,0,2,15.96,2523,63.0,9.0
20,2007,160000,120000,2,1,0,3,13.6,2523,63.0,9.0
30,2014,750000,50000,2,1,0,1,12.99,2494,100.6,7.0
12,2018,531000,20000,1,1,1,1,18.9,1197,81.86,5.0
27,2017,300000,35000,1,1,0,1,23.01,999,67.0,5.0
31,2014,350000,60000,2,1,0,2,20.14,1498,88.8,5.0
5,2010,150000,68000,1,1,0,4,18.6,1199,79.4,5.0
21,2015,450000,30000,1,1,0,1,20.4,1197,81.8,5.0
20,2017,1625000,54000,2,1,0,1,16.0,2179,140.0,7.0
29,2006,85000,120000,2,1,0,3,16.8,1405,68.0,5.0
12,2018,450000,30000,1,1,0,1,18.9,1197,81.86,5.0
29,2017,360000,50000,2,1,0,1,27.28,1047,69.0,5.0
21,2020,390000,6000,1,1,0,1,23.95,998,67.05,5.0
21,2011,145000,50000,1,1,0,2,15.37,1196,73.0,7.0
20,2012,540000,90000,2,1,0,3,12.05,2179,120.0,8.0
30,2008,290000,126000,2,1,0,3,12.8,2494,102.0,8.0
29,2013,300000,90000,2,1,0,1,25.0,1396,69.0,5.0
10,2017,565000,80000,1,1,0,1,18.16,1196,86.8,5.0
20,2011,441000,70000,2,1,0,2,10.5,2609,120.0,7.0
12,2011,180000,80000,1,1,0,2,21.1,814,55.2,5.0
12,2013,200000,80000,1,1,0,2,21.1,814,55.2,5.0
21,2005,85000,150000,1,1,0,2,19.7,796,46.3,5.0
29,2006,67500,110000,2,1,0,4,17.88,1396,52.8,5.0
21,2016,700000,110000,2,1,0,2,24.3,1248,88.5,5.0
31,2010,275000,80000,2,1,0,4,22.07,1199,73.9,5.0
12,2019,600000,20000,1,1,0,1,18.9,1197,81.86,5.0
20,2011,250000,120000,2,1,0,1,13.0,2489,95.0,8.0
20,2016,600000,120000,2,1,0,1,15.96,2523,63.0,9.0
8,2010,200000,80000,2,1,0,2,20.4,1248,91.2,5.0
12,2015,425000,91500,2,1,0,2,24.0,1120,70.0,5.0
21,2012,420000,120000,2,1,0,2,19.3,1248,73.9,5.0
12,2012,321000,100000,2,1,0,2,23.0,1396,90.0,5.0
20,2012,350000,120000,2,1,0,4,14.0,2498,112.0,8.0
11,2017,490000,80000,1,1,0,1,17.8,1198,86.7,5.0
20,2015,680000,90000,2,1,0,1,15.4,2523,75.0,7.0
21,2016,298000,70000,1,1,0,1,23.95,998,67.05,5.0
20,2011,450000,150000,2,1,0,4,13.5,2179,115.0,5.0
29,2012,250000,40000,2,1,0,1,22.3,1248,74.0,5.0
10,2013,1075000,110000,2,1,1,3,12.8,2953,156.0,7.0
12,2017,500000,20000,1,1,0,1,18.9,1197,82.0,5.0
10,2019,681000,10000,1,1,0,1,19.0,1194,94.68,5.0
20,2014,650000,90000,2,1,0,2,15.1,2179,140.0,7.0
5,2008,80000,70000,1,1,0,2,15.26,1150,74.9,5.0
20,2009,290000,120000,2,1,0,1,13.6,2523,63.0,7.0
20,2006,220000,120000,2,1,0,2,10.5,2179,120.0,8.0
12,2009,120000,90000,1,1,0,2,0.0,1086,62.0,5.0
7,2017,229999,80000,1,1,0,1,22.7,799,53.0,5.0
20,2003,150000,132478,2,1,0,2,13.6,2523,63.0,7.0
21,2014,500000,45000,1,1,0,1,19.1,1197,85.8,5.0
29,2013,175000,120000,2,1,0,1,19.09,1396,69.0,5.0
10,2019,720000,10000,1,1,0,1,19.0,1194,94.68,5.0
21,2012,100000,51000,1,1,0,1,16.1,796,37.0,4.0
11,2009,250000,105000,1,1,1,2,12.9,1799,130.0,5.0
20,2014,810000,100000,2,1,0,1,15.1,2179,140.0,7.0
21,2010,165000,30000,1,1,0,3,19.7,796,46.3,5.0
5,2016,409999,60000,2,1,0,2,12.2,1994,105.3,10.0
21,2013,430000,86000,2,1,0,2,22.9,1248,74.0,5.0
7,2015,300000,15000,1,1,0,1,20.62,1198,67.0,7.0
21,2011,350000,137500,2,1,0,3,19.3,1248,73.9,5.0
27,2018,400000,60000,1,1,0,1,23.01,999,67.0,5.0
5,2016,420000,70000,2,1,0,1,18.2,1248,73.74,7.0
21,2015,430000,5000,1,1,0,1,20.51,998,67.04,5.0
21,2017,573000,30000,1,1,0,1,20.4,1197,81.8,5.0
12,2015,210000,40000,1,1,0,1,21.1,814,55.2,5.0
27,2015,600000,60000,2,1,0,1,19.01,1461,108.45,5.0
11,2008,150000,70000,1,1,0,3,17.7,1497,78.0,5.0
29,2019,550000,15000,1,1,0,1,20.3,1199,84.0,5.0
21,2011,320000,110000,2,1,0,2,19.3,1248,73.9,5.0
21,2000,80000,70000,1,1,0,4,16.1,796,37.0,4.0
11,2019,800000,10000,2,1,0,1,27.4,1498,98.63,5.0
21,2013,500000,60000,1,1,0,1,16.02,1373,93.7,7.0
29,2011,229999,110000,2,1,0,2,18.8,1248,90.0,5.0
21,2013,500000,60000,1,1,0,1,16.02,1373,93.7,7.0
12,2015,630000,35000,1,1,0,1,18.6,1197,81.83,5.0
21,2016,190000,70000,1,1,0,2,16.8,796,34.2,8.0
29,2011,229999,110000,2,1,0,2,18.8,1248,90.0,5.0
20,2011,450000,100000,2,1,0,2,13.6,2523,63.0,7.0
21,2008,95000,120000,1,1,0,1,19.7,796,46.3,5.0
21,2009,101000,90000,1,1,0,4,19.7,796,35.0,8.0
11,2016,500000,70000,2,1,0,2,25.8,1498,98.6,5.0
30,2014,1019999,88000,2,1,0,2,12.99,2494,100.6,7.0
12,2012,244000,38000,1,1,0,1,21.1,814,55.2,5.0
21,2013,250000,90000,1,1,0,2,20.51,998,67.04,5.0
21,2016,660000,60000,1,1,0,1,21.4,1197,83.1,5.0
12,2010,270000,60000,1,1,0,1,18.5,1197,80.0,5.0
21,2012,280000,156060,2,1,0,1,23.2,1248,73.94,5.0
12,2017,1050000,60000,2,1,0,1,19.67,1582,126.2,5.0
21,2017,525000,70000,1,1,0,1,20.85,1197,83.14,5.0
12,2017,850000,35000,2,1,0,1,23.9,1582,126.2,5.0
20,2016,1165000,50000,2,1,0,1,16.0,1997,140.0,7.0
21,2012,345000,50000,1,1,0,2,18.6,1197,85.8,5.0
12,2007,95000,100000,1,1,0,2,17.8,1086,63.0,5.0
21,2015,241000,15000,1,1,0,1,22.74,796,47.3,5.0
21,2015,235000,20000,1,1,0,1,22.74,796,47.3,5.0
10,2015,615000,80000,2,1,0,1,22.77,1498,98.59,5.0
20,2014,350000,110000,2,1,0,2,20.8,1461,64.1,5.0
21,2014,350000,35000,1,1,0,1,20.51,998,67.04,5.0
21,2014,380000,35000,1,1,0,1,20.51,998,67.04,5.0
29,2017,400000,140000,2,1,0,1,14.07,2956,69.01,7.0
21,2010,220000,40000,1,1,0,1,19.0,998,67.1,5.0
29,2008,270000,110000,2,1,0,3,14.4,2179,120.0,7.0
21,2012,275000,70000,1,1,0,2,18.5,1197,85.8,5.0
29,2009,125000,100000,2,1,0,2,17.0,1405,71.0,5.0
12,2015,360000,20000,1,1,0,1,19.81,1086,68.05,5.0
12,2019,550000,15000,1,1,0,1,18.9,1197,81.86,5.0
10,2011,200000,70000,1,1,0,2,16.6,1388,68.0,5.0
20,2016,327000,20000,1,1,0,1,18.15,1198,82.0,6.0
12,2016,425000,15000,1,1,0,1,19.81,1086,68.05,5.0
21,2017,620000,107000,2,1,0,1,28.4,1248,74.02,5.0
29,2011,130000,54000,2,1,0,2,18.4,1248,75.0,5.0
21,2009,120000,58000,1,1,0,1,19.7,796,46.3,5.0
20,2011,400000,110000,2,1,0,2,12.05,2179,120.0,8.0
12,2007,185000,90000,2,1,0,4,16.8,1493,110.0,5.0
12,2015,204999,43000,1,1,0,2,20.3,998,68.05,5.0
21,2017,625000,43000,2,1,0,1,28.4,1248,74.02,5.0
21,2013,600000,60000,2,1,0,1,20.77,1248,88.8,7.0
29,2011,150000,150000,1,1,0,1,12.8,1396,85.0,5.0
27,2017,300000,35000,1,1,0,1,23.01,999,67.0,5.0
5,2013,229999,46000,1,1,0,1,18.2,1199,84.8,5.0
21,2018,220000,10000,1,1,0,1,16.8,796,34.2,8.0
12,2016,576000,35000,1,1,0,1,18.6,1197,81.83,5.0
27,2016,265000,50000,1,1,0,1,25.17,799,53.3,5.0
12,2011,300000,80000,2,1,0,1,22.32,1582,126.32,5.0
29,2017,420000,110000,2,1,0,1,24.7,1047,69.0,5.0
21,2015,750000,14000,2,1,0,1,20.77,1248,88.76,7.0
21,2012,165000,60000,3,1,0,2,30.46,796,47.3,5.0
27,2017,290000,28000,1,1,0,1,25.17,799,53.3,5.0
12,2011,160000,57000,1,1,0,1,21.1,814,55.2,5.0
21,2017,695000,50000,2,1,0,1,26.59,1248,74.0,5.0
21,2012,231000,70000,4,1,0,1,26.2,998,58.2,5.0
30,2015,1050000,60000,2,1,0,1,21.43,1364,87.2,5.0
12,2013,400000,70000,1,1,0,1,18.5,1197,82.85,5.0
12,2016,500000,40000,1,1,0,1,18.6,1197,81.83,5.0
29,2010,150000,120000,2,1,0,2,21.12,1248,88.8,5.0
20,2016,400000,140000,2,1,0,2,14.02,2179,118.3,7.0
29,2010,120000,100000,2,1,0,2,17.0,1405,70.0,5.0
20,2014,480000,120000,2,1,0,2,14.02,2179,118.3,7.0
29,2013,200000,120000,2,1,0,2,19.09,1405,69.01,5.0
10,2012,300000,64000,2,1,0,2,17.8,1399,67.0,5.0
21,2015,350000,25000,1,1,0,1,23.1,998,67.04,5.0
27,2019,580000,12000,1,1,0,1,20.0,999,72.0,7.0
5,2012,200000,70000,2,1,0,2,25.44,936,57.6,5.0
20,2016,750000,120000,2,1,0,1,11.0,2179,120.0,5.0
27,2016,261000,90000,1,1,0,1,25.17,799,53.3,5.0
5,2015,371000,40000,1,1,0,1,18.2,1199,82.4,5.0
20,2010,320000,300000,2,1,0,3,13.6,2523,63.0,7.0
29,2012,204999,120000,2,1,0,2,19.09,1396,69.0,5.0
12,2003,110000,90000,1,1,0,2,13.2,1495,94.0,5.0
10,2009,150000,100000,2,1,0,4,17.7,1399,68.0,5.0
20,2016,625000,90000,2,1,0,2,15.96,2523,62.1,7.0
20,2017,1300000,50000,2,1,0,2,15.4,1997,120.0,7.0
28,2015,900000,168000,2,1,0,1,20.6,1968,141.0,5.0
10,2010,180000,110000,2,1,0,2,20.0,1399,68.0,5.0
20,2010,421000,120000,2,1,0,2,13.6,2523,63.0,7.0
29,2012,204999,120000,2,1,0,2,19.09,1396,69.0,5.0
11,2017,900000,40000,2,1,0,1,25.5,1498,98.6,5.0
11,2006,165000,110000,1,1,0,2,17.7,1497,78.0,5.0
12,2010,270000,100000,2,1,0,4,21.9,1396,90.0,5.0
21,2017,750000,40000,2,1,0,1,24.3,1248,88.5,5.0
12,2019,750000,30000,1,1,0,1,18.6,1197,81.86,5.0
21,2002,40000,80000,1,1,0,3,16.1,796,37.0,4.0
10,2011,190000,90000,2,1,0,2,20.0,1399,68.0,5.0
30,2009,395000,200000,2,1,0,3,12.8,2494,102.0,7.0
30,2010,800000,125000,2,1,0,2,11.5,2982,171.0,7.0
12,2011,315000,80000,1,1,0,1,17.0,1197,80.0,5.0
3,2014,1600000,44000,2,1,1,2,16.55,1968,147.51,5.0
30,2013,409999,90000,2,1,0,1,23.59,1364,67.04,5.0
12,2018,580000,32000,1,1,0,1,18.9,1197,81.86,5.0
12,2013,340000,70000,1,1,0,1,18.5,1197,82.85,5.0
12,2015,270000,43000,1,1,0,1,21.1,814,55.2,5.0
29,2017,280000,80000,2,1,0,1,22.95,1248,74.0,5.0
29,2012,130000,60000,2,1,0,1,22.3,1248,74.0,5.0
12,2014,260000,18945,1,1,0,1,21.1,814,55.2,5.0
12,2018,710000,70000,2,1,0,1,24.0,1186,73.97,5.0
21,2013,204999,100000,1,1,0,3,15.1,1196,73.0,7.0
7,2017,300000,60000,1,1,0,1,20.62,1198,67.0,7.0
21,2009,180000,144000,2,1,0,2,19.3,1248,73.9,5.0
20,2016,700000,120000,2,1,0,1,18.49,1493,100.0,7.0
12,2012,320000,107825,2,1,0,2,21.9,1396,90.0,5.0
21,2020,370000,15000,1,1,0,1,22.05,796,47.3,5.0
27,2018,340000,10000,1,1,0,1,25.17,799,53.3,5.0
21,2019,1040000,1620,1,1,0,1,19.01,1462,103.2,6.0
12,2018,750000,30000,2,1,0,1,21.19,1396,88.76,5.0
20,2018,600000,70000,2,1,0,1,18.49,2179,120.0,9.0
20,2016,550000,70000,2,1,0,1,15.96,2523,63.0,9.0
30,2013,600000,95000,2,1,0,2,12.99,2494,100.57,7.0
29,2017,550000,50000,2,1,0,1,24.7,1047,69.0,5.0
11,2015,750000,160000,2,1,0,1,25.1,1498,98.6,5.0
12,2019,450000,10000,1,1,0,1,20.3,1086,68.0,5.0
21,2012,400000,100000,2,1,0,3,20.77,1248,88.76,7.0
21,2016,520000,50000,2,1,0,2,25.2,1248,74.0,5.0
21,2013,199000,60000,1,1,0,2,20.2,998,67.1,5.0
5,2012,150000,110000,2,1,0,1,25.44,936,57.6,5.0
12,2016,540000,80000,2,1,0,3,21.19,1396,88.73,5.0
21,2011,250000,85000,2,1,0,2,21.5,1248,88.8,5.0
21,2010,200000,90000,1,1,0,2,18.9,1061,67.0,5.0
29,2011,130000,90000,2,1,0,2,25.0,1396,69.0,5.0
21,2007,90000,90000,1,1,0,1,16.1,796,37.0,4.0
12,2012,450000,120000,2,1,0,2,22.32,1582,126.32,5.0
12,2009,280000,120000,2,1,0,1,18.1,1493,110.0,5.0
29,2007,280000,160000,2,1,0,2,13.93,2956,138.1,7.0
21,2006,120000,141000,1,1,0,2,17.3,993,60.0,5.0
21,2008,290000,100000,2,1,0,2,17.8,1248,75.0,5.0
12,2019,1000000,15000,2,1,0,1,22.1,1396,88.7,5.0
21,2012,415000,108000,2,1,0,1,19.3,1248,73.9,5.0
21,2012,415000,108000,2,1,0,1,23.4,1248,74.0,5.0
5,2015,240000,55000,2,1,0,1,25.44,936,56.3,5.0
29,2010,250000,37944,2,1,0,1,18.4,1248,75.0,5.0
10,2011,175000,90400,2,1,0,1,20.0,1399,68.0,5.0
12,2008,220000,85000,2,1,0,2,16.8,1493,110.0,5.0
21,2003,85000,120000,2,1,0,3,20.8,1527,58.0,5.0
21,2019,675000,5000,1,1,0,1,21.21,1197,81.8,5.0
27,2016,535000,50000,2,1,0,1,19.87,1461,83.8,5.0
27,2019,675000,5000,1,1,0,1,20.0,999,72.0,7.0
21,2016,800000,90000,2,1,0,1,24.3,1248,88.5,5.0
21,2012,425000,96000,2,1,0,2,20.77,1248,88.8,7.0
21,2011,150000,80000,1,1,0,3,15.37,1196,73.0,5.0
21,2007,90000,60000,1,1,0,2,18.2,1061,64.0,5.0
20,2015,850000,90000,2,1,0,1,15.1,2179,140.0,7.0
30,2008,330000,193623,2,1,0,2,12.8,2494,102.0,8.0
12,2017,850000,63186,2,1,0,1,22.54,1396,88.73,5.0
20,2008,305000,219000,2,1,0,2,13.6,2523,63.0,7.0
30,2013,910000,110000,2,1,0,2,12.99,2494,100.0,7.0
30,2012,1100000,151000,2,1,0,1,12.8,2494,102.0,8.0
21,2019,675000,5000,1,1,1,1,21.4,1197,83.1,5.0
21,2010,150000,91500,1,1,0,1,19.7,796,46.3,5.0
21,2015,550000,23000,2,1,0,1,25.2,1248,74.0,5.0
31,2012,350000,40000,2,1,0,1,20.54,1598,103.6,5.0
21,2012,300000,70000,2,1,0,1,23.2,1248,73.94,5.0
30,2018,1745000,10000,2,1,1,1,11.36,2755,171.5,7.0
20,2014,611000,90000,2,1,0,2,14.0,2523,75.0,7.0
11,2016,400000,68000,1,1,0,1,19.4,1198,86.8,5.0
12,2013,700000,120000,2,1,0,1,22.7,1582,126.24,5.0
5,2013,300000,65000,2,1,0,1,22.1,1248,76.9,5.0
12,2005,65000,85000,1,1,0,1,15.3,1341,83.0,5.0
21,2011,200000,94000,1,1,0,3,18.9,998,67.1,5.0
12,2015,650000,100000,2,1,0,1,22.54,1396,88.73,5.0
12,2015,650000,80000,2,1,0,1,22.54,1396,88.73,5.0
31,2013,350000,80000,2,1,0,3,22.07,1199,73.9,5.0
29,2011,75000,140500,2,1,0,3,17.88,1396,52.8,5.0
21,2010,240000,143000,1,1,0,1,17.5,1298,85.8,5.0
21,2013,240000,60000,1,1,0,1,20.92,998,67.1,5.0
29,2011,180000,120000,2,1,0,2,18.4,1248,75.0,5.0
12,2014,900000,80000,2,1,1,2,13.01,2199,194.3,7.0
20,2014,425000,63000,2,1,0,2,18.06,2523,63.0,7.0
5,2009,95000,120000,1,1,0,3,18.0,995,62.0,5.0
21,2018,811000,100000,2,1,0,1,28.4,1248,74.02,5.0
12,2018,1100000,60000,1,1,0,1,17.0,1591,121.3,5.0
5,2013,600000,90000,2,1,0,1,13.58,2499,72.4,9.0
21,2014,550000,50000,2,1,0,2,20.77,1248,88.76,7.0
20,2015,715000,70000,2,1,0,1,15.4,2179,120.0,7.0
29,2006,100000,120000,2,1,0,3,16.1,1405,70.0,5.0
20,2013,500000,195000,2,1,0,1,14.0,2523,75.0,8.0
21,2013,350000,40000,1,1,0,1,20.51,998,67.04,5.0
29,2008,100000,40000,2,1,0,1,16.8,1405,62.0,5.0
29,2012,325000,120000,2,1,0,1,13.93,2179,138.03,7.0
21,2012,220000,360003,1,1,0,2,18.9,998,67.1,5.0
21,1999,55000,60000,1,1,0,2,16.1,796,37.0,4.0
27,2016,330000,20000,1,1,0,1,25.17,799,53.3,5.0
20,2014,480000,37000,2,1,0,1,15.96,2523,62.1,7.0
21,2018,950000,57000,2,1,0,2,25.1,1248,88.5,5.0
12,2011,300000,110000,2,1,0,2,16.2,1493,110.0,5.0
12,2006,170000,110000,1,1,0,4,13.9,1599,103.2,5.0
30,2013,850000,120000,2,1,0,2,12.99,2494,100.57,8.0
29,2019,900000,8079,2,2,0,1,24.7,1047,69.0,5.0
30,2015,1325000,114368,2,2,0,2,12.99,2494,100.6,7.0
10,2012,350000,79990,2,2,0,2,17.8,1399,67.0,5.0
10,2012,425000,81632,2,2,0,1,20.0,1399,68.0,5.0
10,2016,600000,155201,2,2,0,1,26.1,1498,99.23,5.0
10,2014,750000,101504,2,2,0,1,22.7,1498,89.84,5.0
10,2012,450000,90165,2,2,0,1,17.8,1399,67.0,5.0
10,2010,325000,86017,2,2,0,2,25.5,1498,99.23,5.0
20,2013,900000,85036,2,2,0,2,15.1,2179,140.0,7.0
10,2013,600000,125531,2,2,0,2,22.77,1498,98.59,5.0
12,2019,1100000,10000,1,1,0,1,17.0,1591,121.3,5.0
29,2017,520000,20000,1,1,0,1,23.84,1199,84.0,5.0
20,2015,885000,170000,2,1,0,1,15.4,2179,120.0,7.0
29,2018,950000,40000,2,1,1,1,21.5,1497,108.5,5.0
11,2008,229999,120000,1,1,0,2,17.0,1497,118.0,5.0
21,2013,409999,100000,2,1,0,3,23.2,1248,73.94,5.0
10,2011,300000,110000,2,1,0,3,17.8,1399,68.0,5.0
29,2008,175000,120000,2,1,0,3,16.8,1405,68.0,5.0
21,2000,108000,206000,1,1,0,4,19.7,796,46.3,5.0
21,2017,425000,40000,1,1,0,2,23.1,998,67.04,5.0
5,2011,272000,170000,2,1,0,4,16.52,1991,123.7,5.0
12,2013,310000,70000,1,1,0,1,19.81,1086,68.05,5.0
12,2017,1125000,105000,2,1,0,1,21.38,1396,88.7,5.0
12,2014,450000,46000,1,1,0,2,19.1,1197,81.86,5.0
31,2011,388000,80000,2,1,0,2,22.07,1199,73.9,5.0
12,2011,400000,60000,1,1,0,1,16.2,1599,103.2,5.0
11,2015,760000,70000,2,1,0,3,25.1,1498,98.6,5.0
21,2009,120000,90000,1,1,0,1,19.7,796,46.3,5.0
21,2019,757000,25000,2,1,0,1,28.4,1248,74.02,5.0
21,2015,270000,53000,1,1,0,2,22.74,796,47.3,5.0
29,2011,250000,90000,2,1,0,2,13.55,2179,118.35,7.0
30,2011,800000,60000,2,1,0,1,12.8,2494,102.0,7.0
30,2014,1380000,150000,2,1,0,1,13.0,2982,168.5,7.0
20,2014,700000,24000,2,1,0,1,16.55,2498,105.0,6.0
11,2016,450000,100000,2,1,0,2,24.2,1498,98.6,7.0
20,2018,650000,6000,1,1,0,1,18.15,1198,82.0,6.0
20,2013,950000,49700,2,1,0,1,15.1,2179,140.0,7.0
30,2007,626000,80000,2,1,0,2,12.8,2494,102.0,7.0
21,2019,600000,10000,1,1,1,1,21.21,1197,81.8,5.0
27,2019,290000,21000,1,1,0,1,25.17,799,53.3,5.0
21,2013,215000,25000,1,1,0,1,20.92,998,67.1,5.0
27,2016,250000,22000,1,1,0,1,25.17,799,53.3,5.0
21,2017,750000,50000,2,1,0,1,24.52,1248,88.5,7.0
21,2016,250000,20000,1,1,0,2,23.95,998,67.05,5.0
11,2017,950000,15000,1,1,1,1,15.4,1497,117.3,7.0
10,2018,793000,30000,2,1,0,1,25.83,1498,99.0,5.0
12,2015,750000,74000,2,1,0,1,19.67,1582,126.2,5.0
11,2017,725000,6550,1,1,1,1,18.2,1199,88.7,5.0
12,2016,480000,30000,2,1,0,1,24.0,1120,70.0,5.0
4,2013,3750000,56000,2,2,1,1,11.2,2993,241.0,4.0
21,2018,795000,41779,1,2,0,1,21.21,1197,81.8,5.0
11,2016,625000,54000,1,2,0,1,18.7,1199,88.7,5.0
22,2016,2900000,31000,2,2,1,1,13.0,2143,204.0,5.0
21,2017,625000,37000,2,1,1,1,26.8,1248,74.0,5.0
5,2011,440000,90000,2,1,1,2,18.1,1991,147.9,4.0
30,2018,1400000,13534,1,2,0,1,14.28,1798,138.03,5.0
30,2017,1450000,7000,1,2,1,2,14.53,1794,138.1,5.0
22,2017,2700000,23000,2,2,1,1,17.9,2143,136.0,5.0
30,2019,1925000,43000,2,2,1,1,11.36,2755,171.5,8.0
16,2020,1900000,5000,2,2,1,1,17.8,1493,113.4,5.0
21,2017,844999,70000,2,2,0,1,28.09,1248,88.5,5.0
28,2016,650000,99000,2,2,1,1,21.66,1498,103.52,5.0
21,2018,750000,15000,1,2,0,1,22.0,1197,81.8,5.0
4,2018,6000000,28156,2,2,1,1,17.09,2993,261.4,4.0
11,2015,610000,30000,1,2,0,1,18.7,1199,88.7,5.0
30,2018,2940000,100000,2,2,1,1,12.9,2755,174.5,7.0
12,2017,1150000,63309,2,2,0,1,19.67,1582,126.2,5.0
30,2016,1825000,94000,2,2,1,1,11.36,2755,171.5,7.0
12,2018,890000,29000,1,2,1,1,17.4,1197,81.86,5.0
14,2017,2625000,9000,2,2,1,1,13.6,1999,177.0,5.0
18,2019,5150000,20000,1,2,1,1,22.37,2487,214.56,5.0
14,2017,3200000,45000,2,2,1,1,19.33,1999,177.0,5.0
29,2015,503000,110000,2,1,0,1,14.1,2179,147.94,7.0
32,2019,3800000,20000,2,1,1,1,18.0,1969,190.0,5.0
30,2016,2000000,68089,1,3,1,1,19.16,2494,157.7,5.0
21,2013,225000,58343,1,3,0,1,21.79,998,67.05,5.0
21,2018,740000,38817,2,2,0,1,27.39,1248,74.0,5.0
11,2016,550000,56494,1,3,0,1,18.2,1199,88.7,5.0
30,2013,750000,79328,2,3,0,2,12.99,2494,100.6,7.0
21,2019,650000,5621,1,3,1,1,22.0,1197,81.8,5.0
30,2017,625000,25538,1,3,0,1,16.78,1496,88.73,5.0
21,2018,600000,69779,1,2,1,1,22.0,1197,81.8,5.0
12,2017,450000,56290,2,2,0,1,24.0,1186,73.97,5.0
4,2019,5400000,7500,2,2,1,1,16.78,1995,190.0,5.0
4,2019,5500000,8500,2,2,1,1,16.78,1995,190.0,5.0
11,2019,779000,7032,1,3,1,1,19.0,1199,88.76,5.0
28,2016,645000,11000,1,2,1,1,14.3,1598,103.5,5.0
32,2018,2475000,2000,2,2,1,1,16.8,1984,150.0,5.0
14,2017,2625000,9000,2,2,1,1,13.6,1999,177.0,5.0
18,2019,5150000,20000,1,2,1,1,22.37,2487,214.56,5.0
14,2017,3200000,45000,2,2,1,1,19.33,1999,177.0,5.0
29,2015,503000,110000,2,1,0,1,14.1,2179,147.94,7.0
32,2019,3800000,20000,2,1,1,1,18.0,1969,190.0,5.0
30,2016,2000000,68089,1,3,1,1,19.16,2494,157.7,5.0
21,2013,225000,58343,1,3,0,1,21.79,998,67.05,5.0
21,2018,740000,38817,2,2,0,1,27.39,1248,74.0,5.0
11,2016,550000,56494,1,3,0,1,18.2,1199,88.7,5.0
30,2013,750000,79328,2,3,0,2,12.99,2494,100.6,7.0
21,2019,650000,5621,1,3,1,1,22.0,1197,81.8,5.0
30,2017,625000,25538,1,3,0,1,16.78,1496,88.73,5.0
21,2018,600000,69779,1,2,1,1,22.0,1197,81.8,5.0
12,2017,450000,56290,2,2,0,1,24.0,1186,73.97,5.0
4,2019,5400000,7500,2,2,1,1,16.78,1995,190.0,5.0
4,2019,5500000,8500,2,2,1,1,16.78,1995,190.0,5.0
11,2019,779000,7032,1,3,1,1,19.0,1199,88.76,5.0
28,2016,645000,11000,1,2,1,1,14.3,1598,103.5,5.0
32,2018,2475000,2000,2,2,1,1,16.8,1984,150.0,5.0
14,2017,2625000,9000,2,2,1,1,13.6,1999,177.0,5.0
18,2019,5150000,20000,1,2,1,1,22.37,2487,214.56,5.0
14,2017,3200000,45000,2,2,1,1,19.33,1999,177.0,5.0
29,2015,503000,110000,2,1,0,1,14.1,2179,147.94,7.0
32,2019,3800000,20000,2,1,1,1,18.0,1969,190.0,5.0
30,2016,2000000,68089,1,3,1,1,19.16,2494,157.7,5.0
21,2013,225000,58343,1,3,0,1,21.79,998,67.05,5.0
21,2018,740000,38817,2,2,0,1,27.39,1248,74.0,5.0
11,2016,550000,56494,1,3,0,1,18.2,1199,88.7,5.0
30,2013,750000,79328,2,3,0,2,12.99,2494,100.6,7.0
21,2019,650000,5621,1,3,1,1,22.0,1197,81.8,5.0
30,2017,625000,25538,1,3,0,1,16.78,1496,88.73,5.0
21,2018,600000,69779,1,2,1,1,22.0,1197,81.8,5.0
12,2017,450000,56290,2,2,0,1,24.0,1186,73.97,5.0
4,2019,5400000,7500,2,2,1,1,16.78,1995,190.0,5.0
4,2019,5500000,8500,2,2,1,1,16.78,1995,190.0,5.0
11,2019,779000,7032,1,3,1,1,19.0,1199,88.76,5.0
28,2016,645000,11000,1,2,1,1,14.3,1598,103.5,5.0
32,2018,2475000,2000,2,2,1,1,16.8,1984,150.0,5.0
14,2017,2625000,9000,2,2,1,1,13.6,1999,177.0,5.0
18,2019,5150000,20000,1,2,1,1,22.37,2487,214.56,5.0
14,2017,3200000,45000,2,2,1,1,19.33,1999,177.0,5.0
29,2015,503000,110000,2,1,0,1,14.1,2179,147.94,7.0
32,2019,3800000,20000,2,1,1,1,18.0,1969,190.0,5.0
30,2016,2000000,68089,1,3,1,1,19.16,2494,157.7,5.0
21,2013,225000,58343,1,3,0,1,21.79,998,67.05,5.0
21,2018,740000,38817,2,2,0,1,27.39,1248,74.0,5.0
11,2016,550000,56494,1,3,0,1,18.2,1199,88.7,5.0
30,2013,750000,79328,2,3,0,2,12.99,2494,100.6,7.0
21,2019,650000,5621,1,3,1,1,22.0,1197,81.8,5.0
30,2017,625000,25538,1,3,0,1,16.78,1496,88.73,5.0
21,2018,600000,69779,1,2,1,1,22.0,1197,81.8,5.0
12,2017,450000,56290,2,2,0,1,24.0,1186,73.97,5.0
4,2019,5400000,7500,2,2,1,1,16.78,1995,190.0,5.0
4,2019,5500000,8500,2,2,1,1,16.78,1995,190.0,5.0
11,2019,779000,7032,1,3,1,1,19.0,1199,88.76,5.0
28,2016,645000,11000,1,2,1,1,14.3,1598,103.5,5.0
32,2018,2475000,2000,2,2,1,1,16.8,1984,150.0,5.0
29,2017,385000,155000,2,1,0,1,25.0,1396,69.01,5.0
21,2016,400000,35000,1,1,1,1,23.1,998,67.04,5.0
12,2018,550000,50000,2,1,0,1,24.0,1186,73.97,5.0
5,2010,270000,185000,2,1,0,1,14.8,2499,80.0,7.0
29,2013,200000,175000,2,1,0,2,19.09,1396,69.0,5.0
27,2016,310000,11500,1,1,0,1,25.17,799,53.3,5.0
12,2019,700000,3000,2,1,0,1,25.4,1186,73.97,5.0
5,2015,480000,80000,2,1,0,2,22.1,1248,74.0,5.0
21,2005,90000,40000,1,1,0,2,19.7,796,46.3,5.0
21,2005,80000,40000,1,1,0,2,19.7,796,46.3,5.0
21,2015,350000,90000,2,1,0,1,23.2,1248,73.94,5.0
21,2017,600000,100000,2,1,0,1,23.65,1248,88.5,5.0
20,2011,350000,120000,2,1,0,3,13.5,2179,115.0,5.0
21,2018,770000,50000,2,1,0,1,24.3,1248,88.5,5.0
20,2012,350000,25000,2,1,0,1,21.03,1461,65.0,5.0
20,2011,600000,50000,2,1,0,3,12.05,2179,120.0,8.0
20,2016,750000,71000,2,1,0,1,18.49,1493,100.0,7.0
21,2016,340000,40000,1,1,0,1,20.51,998,67.04,5.0
12,2018,650000,31800,1,1,0,1,18.6,1197,81.86,5.0
12,2014,300000,65000,1,1,0,1,20.36,1197,78.9,5.0
21,2014,204999,15000,1,1,0,2,22.74,796,47.3,5.0
20,2012,254999,70000,2,1,0,2,20.8,1461,65.0,5.0
10,2017,650000,5000,1,1,0,1,18.16,1196,86.8,5.0
12,2017,280000,50000,1,1,0,2,21.1,814,55.2,5.0
29,2011,100000,80000,2,1,0,1,17.2,1396,53.5,5.0
5,2014,575000,70000,2,1,0,2,13.58,2499,72.4,9.0
21,2017,780000,40000,2,1,0,1,24.3,1248,88.5,5.0
20,2013,467000,157000,2,1,0,1,15.96,2523,62.1,7.0
20,2015,1050000,90000,2,1,0,1,15.4,2179,120.0,7.0
12,2011,225000,80000,1,1,0,2,19.81,1086,68.05,5.0
20,2012,260000,70000,2,1,0,2,21.03,1461,65.0,5.0
5,2009,90000,50000,1,1,0,2,16.0,995,63.0,5.0
10,2012,280000,60000,2,1,0,1,20.0,1399,68.0,5.0
20,2014,350000,106000,2,1,0,2,20.8,1461,65.0,5.0
20,2006,229999,80000,2,1,0,2,10.5,2179,120.0,7.0
20,2016,550000,80000,2,1,0,2,15.96,2523,63.0,9.0
30,2013,850000,110000,2,1,0,2,12.99,2494,100.0,8.0
20,2011,370000,120000,2,1,0,3,13.6,2523,63.0,7.0
21,2013,250000,27000,1,1,0,1,20.92,998,67.1,5.0
21,2007,95000,70000,1,1,0,2,19.7,796,46.3,5.0
21,2010,180000,70000,1,1,0,2,18.9,1061,67.0,5.0
20,2016,650000,50000,2,1,1,1,17.45,1493,100.0,7.0
12,2018,530000,60000,2,1,0,1,25.4,1186,73.97,5.0
21,2017,610000,15000,1,1,0,1,22.0,1197,81.8,5.0
20,2010,265000,135000,2,1,0,1,14.0,2498,112.0,8.0
29,2018,560000,26300,1,1,0,1,23.84,1199,84.0,5.0
20,2014,430000,120000,2,1,0,1,15.96,2523,62.1,7.0
21,2017,711000,35000,2,1,0,1,28.4,1248,74.02,5.0
21,2015,511000,30000,1,1,0,1,20.85,1197,83.14,5.0
20,2012,450000,165000,2,1,0,1,15.96,2523,62.1,7.0
29,2015,325000,50000,1,1,0,1,17.57,1193,88.7,5.0
27,2013,434999,120000,2,1,0,1,21.64,1461,84.8,5.0
10,2010,210000,100000,2,1,0,2,20.0,1399,68.0,5.0
21,2007,160000,120000,1,1,0,2,15.0,1586,104.68,5.0
21,2017,650000,70000,1,1,0,2,17.5,1373,91.1,7.0
12,2014,320000,72000,1,1,0,1,18.6,1197,81.83,5.0
27,2017,290000,50000,1,1,0,1,23.01,999,67.0,5.0
29,2013,80000,30000,1,1,0,1,25.4,624,37.48,4.0
29,2017,1100000,20000,2,1,0,1,14.1,2179,147.94,7.0
21,2015,600000,110000,2,1,0,1,26.21,1248,88.5,5.0
27,2017,340000,25000,1,1,0,1,25.17,799,53.3,5.0
30,2014,750000,120000,2,1,0,1,12.99,2494,100.6,7.0
21,2006,100000,40000,1,1,0,1,19.7,796,46.3,5.0
27,2019,395000,10000,1,1,0,1,25.17,799,53.3,5.0
21,2010,200000,65000,1,1,0,1,18.9,1061,67.0,5.0
21,2019,450000,10000,3,1,0,1,21.94,1196,61.7,5.0
20,2012,180000,110000,1,1,0,2,13.87,1390,75.0,5.0
20,2008,190000,120000,2,1,0,2,13.6,2523,63.0,7.0
21,2015,310000,72000,1,1,0,1,15.37,1196,73.0,5.0
21,2014,351000,89100,2,1,0,2,23.2,1248,73.94,5.0
5,2006,190000,94000,1,1,0,2,17.4,1599,104.0,5.0
12,2015,225000,120000,1,1,0,2,21.1,814,55.2,5.0
5,2012,130000,110000,1,1,0,1,16.2,995,62.1,5.0
21,2018,1000000,50000,2,1,0,1,28.09,1248,88.5,5.0
29,2004,55000,90000,2,1,0,3,16.8,1405,62.0,5.0
5,2014,330000,23000,1,1,0,1,18.2,1199,82.4,5.0
21,2013,166000,50000,1,1,0,1,16.8,796,34.2,5.0
20,2013,200000,300000,2,1,0,1,14.0,2498,112.0,8.0
